{
	"name": "DALFI_OnPremiseFileSystem",
	"type": "Microsoft.DataFactory/factories/linkedservices",
	"properties": {
		"annotations": [],
		"type": "FileServer",
    "typeProperties": {
      "host": "\\\\QA.TDCNAS.METLIFE.COM\\qa\\",
      "userId": "metnet\\AQ13066001",
      "password": {
        "type": "AzureKeyVaultSecret",
        "store": {
          "referenceName": "DALFI_KeyVault",
          "type": "LinkedServiceReference"
        },
        "secretName": "Stg-NAS-SecretP"
      }
    },
		"connectVia": {
			"referenceName": "qa-dalfi-0006-ir",
			"type": "IntegrationRuntimeReference"
		}
	}
}