{
	"name": "DALFI_ADLS",
	"properties": {
		"annotations": [],
		"type": "AzureBlobFS",
    "typeProperties": {
      "url": "https://invusncqsadls0001.dfs.core.windows.net",
      "accountKey": {
        "type": "AzureKeyVaultSecret",
        "store": {
          "referenceName": "DALFI_KeyVault",
          "type": "LinkedServiceReference"
        },
        "secretName": "DLStorageAccountKey"
      }
    },
		"connectVia": {
			"referenceName": "qa-dalfi-0006-ir",
			"type": "IntegrationRuntimeReference"
		}
	},
	"type": "Microsoft.DataFactory/factories/linkedservices"
}