{
	"name": "DALFI_PL_COPY_TO_NAS",
	"properties": {
		"activities": [
			{
				"name": "Check DataLakePath Exists",
				"type": "GetMetadata",
				"dependsOn": [],
				"policy": {
					"timeout": "7.00:00:00",
					"retry": 0,
					"retryIntervalInSeconds": 30,
					"secureOutput": false,
					"secureInput": false
				},
				"userProperties": [],
				"typeProperties": {
					"dataset": {
						"referenceName": "DALFI_ADSL_DDZ",
						"type": "DatasetReference",
						"parameters": {
							"DataLakePath": {
								"value": "/",
								"type": "Expression"
							},
							"FileName": {
								"value": "@pipeline().parameters.DataLakePath",
								"type": "Expression"
							}
						}
					},
					"fieldList": [
						"exists",
						"itemName"
					],
					"storeSettings": {
						"type": "AzureBlobFSReadSettings",
						"recursive": true,
						"enablePartitionDiscovery": false
					},
					"formatSettings": {
						"type": "BinaryReadSettings"
					}
				}
			},
			{
				"name": "If Condition",
				"description": "If DataLakePath exists or not",
				"type": "IfCondition",
				"dependsOn": [
					{
						"activity": "Check DataLakePath Exists",
						"dependencyConditions": [
							"Succeeded"
						]
					}
				],
				"userProperties": [],
				"typeProperties": {
					"expression": {
						"value": "@activity('Check DataLakePath Exists').output.exists",
						"type": "Expression"
					},
					"ifFalseActivities": [
						{
							"name": "RaiseError - Datalake path not available",
							"type": "SetVariable",
							"dependsOn": [],
							"userProperties": [],
							"typeProperties": {
								"variableName": "ErrorFlag",
								"value": {
									"value": "@bool(1000)",
									"type": "Expression"
								}
							}
						}
					],
					"ifTrueActivities": [
						{
							"name": "Copy File To NAS Folder",
							"type": "Copy",
							"dependsOn": [],
							"policy": {
								"timeout": "7.00:00:00",
								"retry": 0,
								"retryIntervalInSeconds": 30,
								"secureOutput": false,
								"secureInput": false
							},
							"userProperties": [],
							"typeProperties": {
								"source": {
									"type": "BinarySource",
									"storeSettings": {
										"type": "AzureBlobFSReadSettings",
										"recursive": true,
										"deleteFilesAfterCompletion": false
									},
									"formatSettings": {
										"type": "BinaryReadSettings"
									}
								},
								"sink": {
									"type": "FileSystemSink"
								},
								"enableStaging": false
							},
							"inputs": [
								{
									"referenceName": "DALFI_ADSL_DDZ",
									"type": "DatasetReference",
									"parameters": {
										"DataLakePath": {
											"value": "@substring(pipeline().parameters.DataLakePath, 0, lastindexof(pipeline().parameters.DataLakePath,'/'))",
											"type": "Expression"
										},
										"FileName": {
											"value": "@substring(pipeline().parameters.DataLakePath, add(lastindexof(pipeline().parameters.DataLakePath,'/'),1), \nsub(length(pipeline().parameters.DataLakePath), add(lastindexof(pipeline().parameters.DataLakePath,'/'),1))\n)",
											"type": "Expression"
										}
									}
								}
							],
							"outputs": [
								{
									"referenceName": "DALFI_FILESHARE",
									"type": "DatasetReference",
									"parameters": {
										"NASFilePath": {
											"value": "@pipeline().parameters.NASPath",
											"type": "Expression"
										}
									}
								}
							]
						}
					]
				}
			}
		],
		"parameters": {
			"DataLakePath": {
				"type": "string"
			},
			"NASPath": {
				"type": "string"
			}
		},
		"variables": {
			"ErrorFlag": {
				"type": "String"
			}
		},
		"annotations": []
	}
}