{
	"name": "DALFI_ADLS",
	"properties": {
		"annotations": [],
		"type": "AzureBlobFS",
    "typeProperties": {
      "url": "https://invuseint12096adls.dfs.core.windows.net",
      "accountKey": {
        "type": "AzureKeyVaultSecret",
        "store": {
          "referenceName": "DALFI_KeyVault",
          "type": "LinkedServiceReference"
        },
        "secretName": "DLStorageAccountKey"
      }
    },
    "connectVia": {
      "referenceName": "int-dalfi-ir",
      "type": "IntegrationRuntimeReference"
    }
	},
	"type": "Microsoft.DataFactory/factories/linkedservices"
}