{
	"name": "DALFI_OnPremiseFileSystem",
	"type": "Microsoft.DataFactory/factories/linkedservices",
	"properties": {
		"annotations": [],
		"type": "FileServer",
    "typeProperties": {
      "host": "\\\\INT.NDCNAS.METLIFE.COM\\int\\",
      "userId": "metnet\\AI13066001",
      "password": {
        "type": "AzureKeyVaultSecret",
        "store": {
          "referenceName": "DALFI_KeyVault",
          "type": "LinkedServiceReference"
        },
        "secretName": "Int-NAS-SecretP"
      }
    },
    "connectVia": {
      "referenceName": "int-dalfi-ir",
      "type": "IntegrationRuntimeReference"
    }
	}
}