{
	"name": "DALFI_OnPremiseFileSystem",
	"type": "Microsoft.DataFactory/factories/linkedservices",
	"properties": {
		"annotations": [],
		"type": "FileServer",
    "typeProperties": {
      "host": "\\\\inv.cdcnas.metlife.com\\prod\\",
      "userId": "metnet\\AP13066001",
      "password": {
        "type": "AzureKeyVaultSecret",
        "store": {
          "referenceName": "DALFI_KeyVault",
          "type": "LinkedServiceReference"
        },
        "secretName": "DR-NAS-SecretP"
      }
    },
    "connectVia": {
      "referenceName": "dr-dalfi-0006-ir",
      "type": "IntegrationRuntimeReference"
    }
	}
}