﻿{
  "name": "COMLLoanCommitmentsFullDaily",
  "description": "",
  "parameters": [],
  "sources": [
    {
      "df": "coml_cmmt_df as comlcmmt",
      "fallback_to_previous_as_of_date": "True",
      "period": "d"
    }
  ],
  "filters": [],
  "joins": [],
  "outputs": [
    {
      "fields": [
        {
          "target": "ExternalSecurityId",
          "field": "comlcmmt.MetLifeAssetId"
        },
        {
          "target": "AllocationAmount",
          "field": "comlcmmt.UnfundedCommitmentAsset"
        },
        {
          "target": "AllocationDate",
          "field": "comlcmmt.CommitmentDate"
        },
        {
          "target": "AllocatorID",
          "default": "null"
        },
        {
          "target": "CompanyCode",
          "default": "null"
        },
        {
          "target": "Sub-SegCode",
          "field": "comlcmmt.InvestmentsPortfolioCode"
        },
        {
          "target": "USGAAPBookValue",
          "default": "null"
        },
        {
          "target": "USSTATBookValue",
          "default": "null"
        },
        {
          "target": "LocalSTATBookValue",
          "default": "null"
        },
        {
          "target": "HedgeType",
          "default": "null"
        }
      ]
    }
  ]
}