﻿{
  "name": "COMLLoanScheduleDaily",
  "description": "Reassembling_MIS_MIM AM Schedule_DataLineage",
  "sources": [
    {
      "df": "coml_schd_df.Amortization.Payment as schd_payment",
      "period": "d"
    },
    {
      "df": "coml_asmt_df as asmt",
      "period": "d"
    },
    {
      "df": "mast_port_df as port",
      "period": "d"
    }
  ],
  "joins": [
    {
      "how": "left",
      "rightDf": "schd_payment",
      "leftDf": "asmt",
      "join": [ "MetLifeAssetID" ]
    }
  ],
  "filters": [],
  "parameters": [],
  "outputs": [
    {
      "fields": [
        {
          "field": "asmt._coml_asmt_df_AsOfDate",
          "target": "EffectiveDate"
        },
        {
          "default": "null",
          "target": "InvestorName"
        },
        {
          "field": "asmt.MetLifeAssetID",
          "target": "LoanID"
        },
        {
          "field": "asmt.MetLifeAssetID",
          "target": "LoanNumber"
        },
        {
          "field": "asmt.AssetDescription",
          "target": "LoanName"
        },
        {
          "field": "schd_payment.InstallmentDate",
          "target": "StartDate"
        },
        {
          "format": "Decimal(18,2)",
          "calculation": {
            "expression": "schd_payment.ScheduledInterestInstallmentAmt + schd_payment.ScheduledPrincipalInstallmentAmt",
            "fields": [ "schd_payment.ScheduledInterestInstallmentAmt", "schd_payment.ScheduledPrincipalInstallmentAmt" ]
          },
          "target": "PaymentAmount"
        },
        {
          "field": "schd_payment.ScheduledInterestInstallmentAmt",
          "target": "InterestAmount"
        },
        {
          "field": "schd_payment.ScheduledPrincipalInstallmentAmt",
          "target": "PrincipalAmount"
        },
        {
          "field": "asmt.BalloonPaymentAmt",
          "target": "BalloonAmount"
        },
        {
          "field": "schd_payment.EndPrincipalAmt",
          "target": "EndingBalance"
        },
        {
          "format": "Decimal(18,2)",
          "calculation": {
            "expression": "schd_payment.ScheduledInterestInstallmentAmt + schd_payment.ScheduledPrincipalInstallmentAmt",
            "fields": [ "schd_payment.ScheduledInterestInstallmentAmt", "schd_payment.ScheduledPrincipalInstallmentAmt" ]
          },
          "target": "PVPaymentAmount"
        }
      ]
    }
  ]
}