﻿{
  "name": "COMLLoanHoldingsMonthly",
  "description": "",
  "parameters": [
    {
      "parameter": "LOANSTATUS",
      "type": "string*"
    },
    {
      "parameter": "REIMANAGEDIND",
      "type": "string*"
    },
    {
      "parameter": "METLIFEASSETID",
      "type": "string*"
    }
  ],
  "sources": [
    {
      "df": "coml_posi_df.AccountingBasis as coml_posi_accounting_gaap",
      "period": "m"
    },
    {
      "df": "coml_posi_df.AccountingBasis as coml_posi_accounting_stat",
      "period": "m"
    },
    {
      "df": "coml_posi_df as posi",
      "period": "m"
    },
    {
      "df": "coml_asmt_df as asmt",
      "period": "m"
    },
    {
      "df": "mast_port_df as port",
      "period": "m"
    }
  ],
  "joins": [
    {
      "how": "inner",
      "rightDf": "port",
      "leftDf": "posi",
      "join": [ "InvestmentsPortfolioCode" ]
    },
    {
      "how": "inner",
      "rightDf": "asmt",
      "leftDf": "posi",
      "join": [ "MetLifeAssetID" ]
    },
    {
      "how": "inner",
      "rightDf": "coml_posi_accounting_stat",
      "leftDf": "posi",
      "join": [ "MetLifeAssetID", "InvestmentsPortfolioCode" ]
    },
    {
      "how": "inner",
      "rightDf": "coml_posi_accounting_gaap",
      "leftDf": "posi",
      "join": [ "MetLifeAssetID", "InvestmentsPortfolioCode" ]
    }
  ],
  "filters": [
    {
      "field": "coml_posi_accounting_gaap.AccountingBasisCode",
      "values": "GAAP"
    },
    {
      "field": "coml_posi_accounting_stat.AccountingBasisCode",
      "values": "STAT"
    },
    {
      "field": "asmt.LoanStatusCode",
      "values": "<LOANSTATUS>"
    },
    {
      "field": "asmt.REIManagedInd",
      "values": "<REIMANAGEDIND>"
    },
    {
      "field": "posi.MetLifeAssetID",
      "values": "<METLIFEASSETID>"
    }
  ],
  "outputs": [
    {
      "fields": [
        {
          "field": "posi.MetLifeAssetID",
          "target": "MetLifeAssetID"
        },
        {
          "field": "posi.InvestmentsPortfolioCode",
          "target": "InvestmentsPortfolioCode"
        },
        {
          "field": "posi.PrincipalBalanceAsset",
          "target": "PrincipalBalance"
        },
        {
          "field": "posi.PrincipalBalancePortfolio",
          "target": "PrincipalBalanceBase"
        },
        {
          "field": "posi.PrincipalBalanceUSD",
          "target": "PrincipalBalanceUSD"
        },
        {
          "field": "posi.AccruedInterestUSD",
          "target": "AccruedInterestUSD"
        },
        {
          "field": "posi.AccruedInterestPortfolio",
          "target": "AccruedInterestPortfolio"
        },
        {
          "field": "posi.AccruedInterestAsset",
          "target": "AccruedInterestAsset"
        },
        {
          "default": "",
          "target": "FarmerMACPoolNumber"
        },
        {
          "default": "",
          "target": "EncumbranceAmount"
        },
        {
          "format": "Decimal(18,2)",
          "field": "coml_posi_accounting_stat.BookValuePortfolio",
          "target": "StatutoryBookValueBase"
        },
        {
          "field": "posi.AssetTeamName",
          "target": "AssetTeamName"
        },
        {
          "field": "posi.HedgeTypeCode",
          "target": "HedgeType"
        },
        {
          "field": "posi.HedgedInd",
          "target": "Hedge"
        },
        {
          "default": "",
          "target": "Strategy"
        },
        {
          "format": "Decimal(18,2)",
          "field": "posi.OriginalFXRate",
          "target": "OriginalFXRate"
        },
        {
          "format": "Decimal(18,2)",
          "field": "coml_posi_accounting_gaap.WriteDownUSD",
          "target": "WritedownsUSD"
        },
        {
          "format": "Decimal(18,2)",
          "field": "coml_posi_accounting_gaap.WriteDownPortfolio",
          "target": "WritedownsBase"
        },
        {
          "format": "Decimal(18,2)",
          "field": "coml_posi_accounting_gaap.WriteDownAsset",
          "target": "Writedowns"
        },
        {
          "format": "Decimal(18,2)",
          "field": "coml_posi_accounting_gaap.BookValueUSD",
          "target": "AmortizedCostUSD"
        },
        {
          "format": "Decimal(18,2)",
          "field": "coml_posi_accounting_gaap.BookValuePortfolio",
          "target": "AmortizedCostBase"
        },
        {
          "format": "Decimal(18,2)",
          "field": "coml_posi_accounting_gaap.BookValueAsset",
          "target": "AmortizedCost"
        },
        {
          "format": "Decimal(18,2)",
          "field": "coml_posi_accounting_gaap.ValuationAllowanceUSD",
          "target": "ValuationAllowanceUSD"
        },
        {
          "format": "Decimal(18,2)",
          "field": "coml_posi_accounting_gaap.ValuationAllowancePortfolio",
          "target": "ValuationAllowanceBase"
        },
        {
          "format": "Decimal(18,2)",
          "field": "coml_posi_accounting_gaap.ValuationAllowanceAsset",
          "target": "ValuationAllowance"
        },
        {
          "format": "Decimal(18,2)",
          "field": "coml_posi_accounting_stat.BookValueUSD",
          "target": "StatutoryBookValueUSD"
        },
        {
          "format": "Decimal(18,2)",
          "field": "coml_posi_accounting_stat.BookValueAsset",
          "target": "StatutoryBookValue"
        },
        {
          "format": "Decimal(18,2)",
          "field": "coml_posi_accounting_gaap.CollateralBookValueUSD",
          "target": "CollateralBookValueUSD"
        },
        {
          "format": "Decimal(18,2)",
          "field": "coml_posi_accounting_gaap.CollateralBookValuePortfolio",
          "target": "CollateralBookValueBase"
        },
        {
          "format": "Decimal(18,2)",
          "field": "coml_posi_accounting_gaap.CollateralBookValueAsset",
          "target": "CollateralBookValue"
        },
        {
          "format": "Decimal(18,2)",
          "field": "posi.FundedCommitmentUSD",
          "target": "LoanOriginationAmountByPortfolioUSD"
        },
        {
          "format": "Decimal(18,2)",
          "field": "posi.FundedCommitmentPortfolio",
          "target": "LoanOriginationAmountByPortfolioBase"
        },
        {
          "format": "Decimal(18,2)",
          "field": "posi.FundedCommitmentAsset",
          "target": "LoanOriginationAmountByPortfolio"
        },
        {
          "format": "Decimal(18,2)",
          "field": "asmt.LoanOriginationAmt",
          "target": "LoanOriginationAmount"
        },
        {
          "format": "Decimal(18,2)",
          "field": "coml_posi_accounting_stat.PortfolioBookYield",
          "target": "PortfolioSTATBookYield"
        },
        {
          "format": "Decimal(18,2)",
          "field": "coml_posi_accounting_gaap.PortfolioBookYield",
          "target": "PortfolioGAAPBookYield"
        },
        {
          "format": "Decimal(18,2)",
          "field": "coml_posi_accounting_stat.BookYield",
          "target": "STATBookYield"
        },
        {
          "format": "Decimal(18,2)",
          "field": "coml_posi_accounting_gaap.BookYield",
          "target": "BookYield"
        },
        {
          "format": "Decimal(18,2)",
          "field": "posi.MarketValueAsset",
          "target": "MarketValueStartOfDay"
        },
        {
          "format": "Decimal(18,2)",
          "field": "posi.MarketValuePortfolio",
          "target": "MarketValueStartOfDayBase"
        },
        {
          "format": "Decimal(18,2)",
          "field": "posi.MarketValueUSD",
          "target": "MarketValueStartOfDayUSD"
        },
        {
          "format": "Decimal(18,2)",
          "field": "posi.PrincipalBalanceAsset",
          "target": "QuantityStartOfDay"
        },
        {
          "format": "Decimal(18,2)",
          "field": "asmt.OriginalCollateralAppraisedAmt",
          "target": "OriginalFaceUSD"
        },
        {
          "format": "Decimal(18,2)",
          "field": "asmt.OriginalCollateralAppraisedAmt",
          "target": "OriginalFaceBase"
        },
        {
          "format": "Decimal(18,2)",
          "field": "asmt.OriginalCollateralAppraisedAmt",
          "target": "OriginalFace"
        },
        {
          "field": "posi.LongShortCode",
          "target": "LongShortCode"
        },
        {
          "field": "port.PortfolioCurrencyCode",
          "target": "CurrencyCode"
        },
        {
          "format": "Decimal(18,2)",
          "field": "coml_posi_accounting_gaap.PCDAllowanceAsset",
          "target": "GAAPPCDAllowanceDenominated"
        },
        {
          "format": "Decimal(18,2)",
          "field": "coml_posi_accounting_gaap.PCDAllowancePortfolio",
          "target": "GAAPPCDAllowanceUSD"
        },
        {
          "format": "Decimal(18,2)",
          "field": "coml_posi_accounting_gaap.PCDAllowanceUSD",
          "target": "GAAPPCDAllowanceFunctional"
        },
        {
          "format": "Decimal(18,2)",
          "field": "coml_posi_accounting_gaap.CECLAllowanceAsset",
          "target": "GAAPCECLAllowanceDenominated"
        },
        {
          "format": "Decimal(18,2)",
          "field": "coml_posi_accounting_gaap.CECLAllowancePortfolio",
          "target": "GAAPCECLAllowanceFunctional"
        },
        {
          "format": "Decimal(18,2)",
          "field": "coml_posi_accounting_gaap.CECLAllowanceUSD",
          "target": "GAAPCECLAllowanceUSD"
        },
        {
          "format": "Decimal(18,2)",
          "field": "coml_posi_accounting_gaap.CollateralDependentAllowanceAsset",
          "target": "GAAPCollateralDependentAllowanceDenominated"
        },
        {
          "format": "Decimal(18,2)",
          "field": "coml_posi_accounting_gaap.CollateralDependentAllowancePortfolio",
          "target": "GAAPCollateralDependentAllowanceFunctional"
        },
        {
          "format": "Decimal(18,2)",
          "field": "coml_posi_accounting_gaap.CollateralDependentAllowanceUSD",
          "target": "GAAPCollateralDependentAllowanceUSD"
        },
        {
          "format": "Decimal(18,2)",
          "calculation": {
            "expression": "coml_posi_accounting_gaap.PCDAllowanceAsset + coml_posi_accounting_gaap.CECLAllowanceAsset + coml_posi_accounting_gaap.CollateralDependentAllowanceAsset",
            "fields": [ "coml_posi_accounting_gaap.PCDAllowanceAsset", "coml_posi_accounting_gaap.CECLAllowanceAsset", "coml_posi_accounting_gaap.CollateralDependentAllowanceAsset" ]
          },
          "target": "GAAPTotalAllowanceDenominated"
        },
        {
          "format": "Decimal(18,2)",
          "calculation": {
            "expression": "coml_posi_accounting_gaap.PCDAllowanceUSD + coml_posi_accounting_gaap.CECLAllowancePortfolio + coml_posi_accounting_gaap.CollateralDependentAllowancePortfolio",
            "fields": [ "coml_posi_accounting_gaap.PCDAllowanceUSD", "coml_posi_accounting_gaap.CECLAllowancePortfolio", "coml_posi_accounting_gaap.CollateralDependentAllowancePortfolio" ]
          },
          "target": "GAAPTotalAllowanceFunctional"
        },
        {
          "format": "Decimal(18,2)",
          "calculation": {
            "expression": "coml_posi_accounting_gaap.PCDAllowancePortfolio + coml_posi_accounting_gaap.CECLAllowanceUSD + coml_posi_accounting_gaap.CollateralDependentAllowanceUSD",
            "fields": [ "coml_posi_accounting_gaap.PCDAllowancePortfolio", "coml_posi_accounting_gaap.CECLAllowanceUSD", "coml_posi_accounting_gaap.CollateralDependentAllowanceUSD" ]
          },
          "target": "GAAPTotalAllowanceUSD"
        }
      ]
    }
  ]
}