﻿{
  "name": "COMLLoanHoldingsClientDaily",
  "description": "",
  "parameters": [
    {
      "parameter": "LOANSTATUS",
      "type": "string*"
    },
    {
      "parameter": "REIMANAGEDIND",
      "type": "string*"
    },
    {
      "parameter": "PARTYID",
      "type": "string*"
    }
  ],
  "sources": [
    {
      "df": "13066_DALFI_ComlLoanHoldingsClientDdf as comlclientDdf",
      "period": "d"
    }
  ],
  "filters": [
    {
      "field": "comlclientDdf.LoanStatusCode",
      "values": "<LOANSTATUS>"
    },
    {
      "field": "comlclientDdf.REIManagedInd",
      "values": "<REIMANAGEDIND>"
    },
    {
      "field": "comlclientDdf.MetLifePartyID",
      "values": "<PARTYID>"
    }
  ],
  "joins": [],
  "outputs": [
    {
      "fields": [
        {
          "field": "comlclientDdf.AsOfDate",
          "target": "AsOfDate"
        },
        {
          "field": "comlclientDdf.MetLifePartyName",
          "target": "CompanyName"
        },
        {
          "field": "comlclientDdf.InvestmentsPortfolioCode",
          "target": "PortfolioCode"
        },
        {
          "field": "comlclientDdf.MetLifeAssetID",
          "target": "LoanNumber"
        },
        {
          "field": "comlclientDdf.PropertyName",
          "target": "PropertyName"
        },
        {
          "field": "comlclientDdf.LoanClosedDate",
          "target": "LoanFundedDate"
        },
        {
          "field": "comlclientDdf.MetLifeInterestTypeCode",
          "target": "CouponType"
        },
        {
          "field": "comlclientDdf.LoanPaymentTypeDesc",
          "target": "PaymentMethod"
        },
        {
          "field": "comlclientDdf.InterestReferencedIndexID",
          "target": "FloatingRateIndex"
        },
        {
          "field": "comlclientDdf.ACLIPropertyTypeDesc",
          "target": "PropertyType"
        },
        {
          "field": "comlclientDdf.MSADesc",
          "target": "MSA"
        },
        {
          "field": "comlclientDdf.OutstandingPrincipalBalanceAmt",
          "target": "LoanPrincipalBalance"
        },
        {
          "field": "comlclientDdf.PrincipalBalanceUSD",
          "target": "ClientPrincipalBalance"
        },
        {
          "field": "comlclientDdf.InterestRate",
          "target": "CurrentInterestRate"
        },
        {
          "field": "comlclientDdf.MaturityDate",
          "target": "MaturityDate"
        },
        {
          "field": "comlclientDdf.RaterCode",
          "target": "MortgageRating"
        },
        {
          "field": "comlclientDdf.MetLifeRatingLoanToValueRatio",
          "target": "LTV"
        },
        {
          "field": "comlclientDdf.BaseYearDebtServiceCoverageRatio",
          "target": "BaseYearDSCR"
        }
      ]
    }
  ]
}