﻿{
  "name": "COMLLoanPriceDaily",
  "description": "",
  "parameters": [
    {
      "parameter": "LOANSTATUS",
      "type": "string*"
    },
    {
      "parameter": "REIMANAGEDIND",
      "type": "string*"
    },
    {
      "parameter": "METLIFEASSETID",
      "type": "string*"
    }
  ],
  "sources": [
    {
      "df": "coml_asmt_df as asmt",
      "period": "d"
    },
    {
      "df": "coml_lprc_df as lprc",
      "period": "d"
    }
  ],
  "joins": [
    {
      "leftDf": "asmt",
      "rightDf": "lprc",
      "join": "leftDf.MetLifeAssetID == rightDf.MetLifeAssetID",
      "how": "inner"
    }
  ],
  "filters": [
    {
      "field": "asmt.LoanStatusCode",
      "values": "<LOANSTATUS>"
    },
    {
      "field": "asmt.REIManagedInd",
      "values": "<REIMANAGEDIND>"
    },
    {
      "field": "asmt.MetLifeAssetID",
      "values": "<METLIFEASSETID>"
    }
  ],
  "outputs": [
    {
      "fields": [
        {
          "field": "asmt.MetLifeAssetID",
          "target": "MetLifeAssetID"
        },
        {
          "field": "lprc.PriceDate",
          "target": "EffectiveDate"
        },
        {
          "format": "Decimal(18,2)",
          "field": "asmt.LoanToValueRatio",
          "target": "CurrentLoanToValueRatio"
        },
        {
          "field": "lprc.LoanPrice",
          "target": "BRSPrice"
        },
        {
          "default": "Evaluate",
          "target": "BRSPriceType"
        },
        {
          "field": "asmt.AmortizationStartDate",
          "target": "AmortizationStartDate"
        }
      ]
    }
  ]
}