﻿{
  "name": "MASTPersonPartyDaily",
  "description": "",
  "sources": [
    {
      "df": "mast_prpt_df as prpt",
      "fallback_to_previous_as_of_date": "True",
      "period": "d"
    }
  ],
  "joins": [],
  "parameters": [],
  "filters": [],
  "outputs": [
    {
      "fields": [
        {
          "field": "prpt.PartyClassCode",
          "target": "PartyClassCode"
        },
        {
          "field": "prpt.MetLifePartyID",
          "target": "MetLifePartyID"
        },
        {
          "field": "prpt.EmailAddress",
          "target": "EmailAddress"
        },
        {
          "field": "prpt.EmploymentStatusCode",
          "target": "EmploymentStatusCode"
        }
      ]
    }
  ]
}