{
  "name": "MASTPortfolioByProductTypeDaily",
  "description": "",  
  "parameters": [
    {
      "parameter": "PRODUCTTYPENAME",
      "type": "string*"
    }
  ],
  "sources": [
    {
      "df": "mast_port_df as port",
      "fallback_to_previous_as_of_date": "True",
      "period": "d"
    },
    {
      "df": "mast_prdt_df as prdt",
      "fallback_to_previous_as_of_date": "True",
      "period": "d"
    }
  ],
  "joins": [
    {
      "leftDf": "port",
      "rightDf": "prdt",
      "join": "leftDf.InvestmentProductCode == rightDf.InvestmentProductCode",
      "how": "inner"
    }
  ],
  "filters": [
    {
      "field": "prdt.InvestmentProductTypeName",
      "values": "<PRODUCTTYPENAME>"
    }
  ],
  "outputs": [
    {
      "fields": [
        {
          "field": "port.InvestmentsPortfolioCode",
          "target": "InvestmentsPortfolioCode"
        }
      ]
    }
  ]
}