{
	"name": "DALFI_OnPremiseFileSystem",
	"properties": {
		"annotations": [],
		"type": "FileServer",
		"typeProperties": {
			"host": "\\\\inv.ndcnas.metlife.com\\dev\\",
			"userId": "metnet\\AT13066001",
			"password": {
				"type": "AzureKeyVaultSecret",
				"store": {
					"referenceName": "DALFI_KeyVault",
					"type": "LinkedServiceReference"
				},
				"secretName": "Dev-NAS-Secret"
			}
		},
		"connectVia": {
			"referenceName": "dev-dalfi-ir",
			"type": "IntegrationRuntimeReference"
		}
	},
	"type": "Microsoft.DataFactory/factories/linkedservices"
}