{
	"name": "DALFI_ADLS",
	"properties": {
		"annotations": [],
		"type": "AzureBlobFS",
		"typeProperties": {
			"url": "https://invusedev11407dlsa.dfs.core.windows.net",
			"accountKey": {
				"type": "AzureKeyVaultSecret",
				"store": {
					"referenceName": "DALFI_KeyVault",
					"type": "LinkedServiceReference"
				},
				"secretName": "DLStorageAccountKey"
			}
		},
		"connectVia": {
			"referenceName": "dev-dalfi-ir",
			"type": "IntegrationRuntimeReference"
		}
	},
	"type": "Microsoft.DataFactory/factories/linkedservices"
}