{
	"name": "DALFI_ADSL_DDZ",
	"properties": {
		"linkedServiceName": {
			"referenceName": "DALFI_ADLS",
			"type": "LinkedServiceReference"
		},
		"parameters": {
			"DataLakePath": {
				"type": "string"
			},
			"FileName": {
				"type": "string"
			}
		},
		"annotations": [],
		"type": "Binary",
		"typeProperties": {
			"location": {
				"type": "AzureBlobFSLocation",
				"fileName": {
					"value": "@dataset().FileName",
					"type": "Expression"
				},
				"folderPath": {
					"value": "@dataset().DataLakePath",
					"type": "Expression"
				},
				"fileSystem": "data"
			}
		}
	}
}